-- Используем базу theatre
USE theatre;

-- Создание таблицы Role
CREATE TABLE Role (
                      id INT NOT NULL AUTO_INCREMENT,
                      name VARCHAR(255) NOT NUll,
                      PRIMARY KEY (id)
);

-- Вставка данных
INSERT INTO Role (name) VALUES
                                ('USER'),
                                ('ADMIN');

-- Создание таблицы client
CREATE TABLE Client (
                        id INT NOT NULL AUTO_INCREMENT,
                        name VARCHAR(255) NOT NULL,
                        phone VARCHAR(255) NOT NULL UNIQUE,
                        email VARCHAR(255) NOT NULL UNIQUE,
                        password VARCHAR(255) NOT NULL,
                        role_id INT NOT NULL,
                        PRIMARY KEY (id),
                        FOREIGN KEY (role_id) REFERENCES Role(id)
);

-- Вставка данных с id
INSERT INTO Client (id, name, phone, email, password, role_id) VALUES
                                                                   (14, 'Петросян Армен Арташесович', '+79538378636', 'armenpetrosan227@gmail.com', 'SHA-256$juz0ZoUgEhNQNkCy8wnUcg==$65F+OQV7LG/37KHHWvE1TqNJO4DavA2P0pbMYASyxkc=', 1),
                                                                   (18, 'Петросян Армен Арташесович', '+79638378636', 'armenpetrosan319@gmail.com', 'SHA-256$kClCPXKnL7WnMGuzLytQOw==$INZWaReRLsaIwGEmnFMnZqxuSH4JkcKyVQzYzSArRII=', 1),
                                                                   (21, 'Барсуков Максим Вячеславович', '+79228246868', 'maksim56@mail.ru', 'SHA-256$V9DxIjXVuXLQeUPHLkAeGQ==$1c88czKZVaLkWJHZEuZHrS5NDEo6JEvzVA8kot9u5OQ=', 2),
                                                                   (22, 'Такмурзин Матвей Борисович', '+79997776666', 'matvey@gmail.com', 'SHA-256$SKiDe81wHo+TBj8/JNBK0w==$0+7wE7BGJ3TLTDQZBMxjP6tEVucS5E0+pKeMbqhl25A=', 1),
                                                                   (23, 'Лысынко Андрей Сергеевич', '+79223334444', 'andrey45@yandex.com', 'SHA-256$gTafkNuvKrVPoxqxL6Yqkw==$Apyimz5EZtg4eCV5jpe/TQn60S58eR0ZqBiM20O/XJM=', 1);

-- Обновим AUTO_INCREMENT, чтобы не было конфликтов при новых вставках
ALTER TABLE client AUTO_INCREMENT = 24;


-- Создание таблицы hall с учетом unsigned и not null
CREATE TABLE Hall (
                      number INT NOT NULL AUTO_INCREMENT,
                      capacity INT UNSIGNED NOT NULL,
                      PRIMARY KEY (number)
);

-- Вставка данных
INSERT INTO Hall (number, capacity) VALUES
                                        (1, 30),
                                        (2, 30),
                                        (3, 20);
-- EventType
CREATE TABLE EventType (
                           id INT NOT NULL AUTO_INCREMENT,
                           name VARCHAR(255) NOT NULL UNIQUE,
                           PRIMARY KEY (id)
);
INSERT INTO EventType (id, name) VALUES
                                     (1, 'Концерт'),
                                     (2, 'Театральная постановка'),
                                     (3, 'Киносеанс'),
                                     (4, 'Выставка'),
                                     (5, 'Детский спектакль');

-- EVENT
CREATE TABLE Event (
                       id INT PRIMARY KEY AUTO_INCREMENT,
                       name VARCHAR(255) NOT NULL,
                       date DATE,
                       Hall_number INT,
                       intro MEDIUMBLOB,
                       EventType_id INT NOT NULL ,
                       FOREIGN KEY (Hall_number) REFERENCES Hall(number),
                       FOREIGN KEY (EventType_id) REFERENCES EventType(id)
);
INSERT INTO Event (id, name, date, Hall_number, intro, EventType_id) VALUES
                                                                         (1, 'Концерт классической музыки', '2025-05-29', 1, NULL, 1),
                                                                         (2, 'Театральная постановка "Гамлет"', '2025-05-30', 2, NULL, 2),
                                                                         (3, 'Показ фильма "Интерстеллар"', '2025-05-31', 1, NULL, 3),
                                                                         (4, 'Выставка современного искусства', '2025-06-01', 2, NULL, 4),
                                                                         (5, 'Иммерсивный спектакль "Прогулка по театру"', '2025-06-02', 1, NULL, 5),
                                                                         (6, 'Утренний концерт фортепианной музыки', '2025-06-03', 1, NULL, 1),
                                                                         (7, 'Дневной спектакль "Ревизор"', '2025-06-04', 2, NULL, 2),
                                                                         (8, 'Вечерний показ фильма "Довод"', '2025-06-05', 3, NULL, 3),
                                                                         (9, 'Концерт симфонического оркестра', '2025-06-06', 1, NULL, 1),
                                                                         (10, 'Спектакль "Чайка"', '2025-06-07', 2, NULL, 2),
                                                                         (11, 'Показ фильма "Начало"', '2025-06-08', 3, NULL, 3),
                                                                         (12, 'Джазовый вечер', '2025-06-09', 1, NULL, 1),
                                                                         (13, 'Спектакль "Вишневый сад"', '2025-06-10', 2, NULL, 2),
                                                                         (14, 'Кинофестиваль: "Матрица"', '2025-06-11', 3, NULL, 3),
                                                                         (15, 'Рок-концерт', '2025-06-12', 1, NULL, 1),
                                                                         (16, 'Детский спектакль "Колобок"', '2025-06-13', 2, NULL, 2),
                                                                         (17, 'Фестиваль классической музыки', '2025-06-14', 1, NULL, 1),
                                                                         (18, 'Спектакль "Гроза"', '2025-06-15', 2, NULL, 2),
                                                                         (19, 'Киномарафон "Властелин колец"', '2025-06-16', 3, NULL, 3),
                                                                         (20, 'Концерт камерного оркестра', '2025-06-17', 1, NULL, 1),
                                                                         (21, 'Спектакль "Ромео и Джульетта"', '2025-06-18', 2, NULL, 2),
                                                                         (22, 'Показ фильма "Интерстеллар"', '2025-06-19', 3, NULL, 3),
                                                                         (23, 'Выпускной концерт', '2025-06-20', 1, NULL, 1),
                                                                         (24, 'Спектакль "Гамлет"', '2025-06-21', 2, NULL, 2),
                                                                         (25, 'Показ фильма "Дюна"', '2025-06-22', 3, NULL, 3),
                                                                         (26, 'Финальный концерт сезона', '2025-06-23', 1, NULL, 1);


-- Place

CREATE TABLE Place (
                       id INT PRIMARY KEY AUTO_INCREMENT,
                       number INT UNSIGNED NOT NULL,
                       row INT UNSIGNED NOT NULL,
                       place_view VARBINARY(255),
                       Hall_number INT NOT NULL,
                       FOREIGN KEY (Hall_number) REFERENCES Hall(number)
);
INSERT INTO Place (id, number, place_row, place_view, Hall_number) VALUES
                                                                 (1, 1, 1, NULL, 1),
                                                                 (2, 2, 1, NULL, 1),
                                                                 (3, 3, 1, NULL, 1),
                                                                 (4, 4, 1, NULL, 1),
                                                                 (5, 5, 1, NULL, 1),
                                                                 (6, 6, 2, NULL, 1),
                                                                 (7, 7, 2, NULL, 1),
                                                                 (8, 8, 2, NULL, 1),
                                                                 (9, 9, 2, NULL, 1),
                                                                 (10, 10, 2, NULL, 1),
                                                                 (11, 11, 3, NULL, 1),
                                                                 (12, 12, 3, NULL, 1),
                                                                 (13, 13, 3, NULL, 1),
                                                                 (14, 14, 3, NULL, 1),
                                                                 (15, 15, 3, NULL, 1),
                                                                 (16, 16, 4, NULL, 1),
                                                                 (17, 17, 4, NULL, 1),
                                                                 (18, 18, 4, NULL, 1),
                                                                 (19, 19, 4, NULL, 1),
                                                                 (20, 20, 4, NULL, 1),
                                                                 (21, 21, 5, NULL, 1),
                                                                 (22, 22, 5, NULL, 1),
                                                                 (23, 23, 5, NULL, 1),
                                                                 (24, 24, 5, NULL, 1),
                                                                 (25, 25, 5, NULL, 1),
                                                                 (26, 26, 6, NULL, 1),
                                                                 (27, 27, 6, NULL, 1),
                                                                 (28, 28, 6, NULL, 1),
                                                                 (29, 29, 6, NULL, 1),
                                                                 (30, 30, 6, NULL, 1),
                                                                 (31, 1, 1, NULL, 2),
                                                                 (32, 2, 1, NULL, 2),
                                                                 (33, 3, 1, NULL, 2),
                                                                 (34, 4, 1, NULL, 2),
                                                                 (35, 5, 1, NULL, 2),
                                                                 (36, 6, 2, NULL, 2),
                                                                 (37, 7, 2, NULL, 2),
                                                                 (38, 8, 2, NULL, 2),
                                                                 (39, 9, 2, NULL, 2),
                                                                 (40, 10, 2, NULL, 2),
                                                                 (41, 11, 3, NULL, 2),
                                                                 (42, 12, 3, NULL, 2),
                                                                 (43, 13, 3, NULL, 2),
                                                                 (44, 14, 3, NULL, 2),
                                                                 (45, 15, 3, NULL, 2),
                                                                 (46, 16, 4, NULL, 2),
                                                                 (47, 17, 4, NULL, 2),
                                                                 (48, 18, 4, NULL, 2),
                                                                 (49, 19, 4, NULL, 2),
                                                                 (50, 20, 4, NULL, 2),
                                                                 (51, 21, 5, NULL, 2),
                                                                 (52, 22, 5, NULL, 2),
                                                                 (53, 23, 5, NULL, 2),
                                                                 (54, 24, 5, NULL, 2),
                                                                 (55, 25, 5, NULL, 2),
                                                                 (56, 26, 6, NULL, 2),
                                                                 (57, 27, 6, NULL, 2),
                                                                 (58, 28, 6, NULL, 2),
                                                                 (59, 29, 6, NULL, 2),
                                                                 (60, 30, 6, NULL, 2),
                                                                 (211, 1, 1, NULL, 3),
                                                                 (212, 2, 1, NULL, 3),
                                                                 (213, 3, 1, NULL, 3),
                                                                 (214, 4, 1, NULL, 3),
                                                                 (215, 5, 1, NULL, 3),
                                                                 (216, 6, 2, NULL, 3),
                                                                 (217, 7, 2, NULL, 3),
                                                                 (218, 8, 2, NULL, 3),
                                                                 (219, 9, 2, NULL, 3),
                                                                 (220, 10, 2, NULL, 3),
                                                                 (221, 11, 3, NULL, 3),
                                                                 (222, 12, 3, NULL, 3),
                                                                 (223, 13, 3, NULL, 3),
                                                                 (224, 14, 3, NULL, 3),
                                                                 (225, 15, 3, NULL, 3),
                                                                 (226, 16, 4, NULL, 3),
                                                                 (227, 17, 4, NULL, 3),
                                                                 (228, 18, 4, NULL, 3),
                                                                 (229, 19, 4, NULL, 3),
                                                                 (230, 20, 4, NULL, 3);
-- event_place

CREATE TABLE event_place (
                             event_id INT NOT NULL,
                             place_id INT NOT NULL,
                             place_status TINYINT(1) DEFAULT '0',
                             PRIMARY KEY (event_id, place_id),
                             FOREIGN KEY (event_id) REFERENCES event(id)
                                 ON DELETE CASCADE
                                 ON UPDATE CASCADE,
                             FOREIGN KEY (place_id) REFERENCES place(id)
                                 ON DELETE CASCADE
                                 ON UPDATE CASCADE
);

INSERT INTO event_place (event_id, place_id, place_status) VALUES
                                                               (1, 1, 1),
                                                               (1, 2, 1),
                                                               (1, 3, 0),
                                                               (1, 4, 0),
                                                               (1, 5, 0),
                                                               (1, 6, 1),
                                                               (1, 7, 1),
                                                               (1, 8, 0),
                                                               (1, 9, 1),
                                                               (1, 10, 1),
                                                               (1, 11, 1),
                                                               (1, 12, 1),
                                                               (1, 13, 0),
                                                               (1, 14, 0),
                                                               (1, 15, 0),
                                                               (1, 16, 1),
                                                               (1, 17, 0),
                                                               (1, 18, 1),
                                                               (1, 19, 0),
                                                               (1, 20, 0),
                                                               (1, 21, 0),
                                                               (1, 22, 0),
                                                               (1, 23, 0),
                                                               (1, 24, 0),
                                                               (1, 25, 0),
                                                               (1, 26, 1),
                                                               (1, 27, 1),
                                                               (1, 28, 1),
                                                               (1, 29, 0),
                                                               (1, 30, 1),
                                                               (2, 31, 1),
                                                               (2, 32, 0),
                                                               (2, 33, 1),
                                                               (2, 34, 1),
                                                               (2, 35, 1),
                                                               (2, 36, 1),
                                                               (2, 37, 1),
                                                               (2, 38, 0),
                                                               (2, 39, 1),
                                                               (2, 40, 0),
                                                               (2, 41, 0),
                                                               (2, 42, 0),
                                                               (2, 43, 1),
                                                               (2, 44, 1),
                                                               (2, 45, 0),
                                                               (2, 46, 0),
                                                               (2, 47, 0),
                                                               (2, 48, 1),
                                                               (2, 49, 0),
                                                               (2, 50, 1),
                                                               (2, 51, 1),
                                                               (2, 52, 1),
                                                               (2, 53, 1),
                                                               (2, 54, 1),
                                                               (2, 55, 1),
                                                               (2, 56, 0),
                                                               (2, 57, 1),
                                                               (2, 58, 0),
                                                               (2, 59, 0),
                                                               (2, 60, 1),
                                                               (3, 211, 1),
                                                               (3, 212, 1),
                                                               (3, 213, 0),
                                                               (3, 214, 1),
                                                               (3, 215, 0),
                                                               (3, 216, 0),
                                                               (3, 217, 0),
                                                               (3, 218, 0),
                                                               (3, 219, 1),
                                                               (3, 220, 1),
                                                               (3, 221, 0),
                                                               (3, 222, 1),
                                                               (3, 223, 1),
                                                               (3, 224, 1),
                                                               (3, 225, 0),
                                                               (3, 226, 1),
                                                               (3, 227, 0),
                                                               (3, 228, 0),
                                                               (3, 229, 1),
                                                               (3, 230, 1),
                                                               (4, 31, 0),
                                                               (4, 32, 1),
                                                               (4, 33, 0),
                                                               (4, 34, 0),
                                                               (4, 35, 1),
                                                               (4, 36, 0),
                                                               (4, 37, 0),
                                                               (4, 38, 1),
                                                               (4, 39, 0),
                                                               (4, 40, 1),
                                                               (4, 41, 1),
                                                               (4, 42, 1),
                                                               (4, 43, 0),
                                                               (4, 44, 1),
                                                               (4, 45, 0),
                                                               (4, 46, 1),
                                                               (4, 47, 0),
                                                               (4, 48, 0),
                                                               (4, 49, 0),
                                                               (4, 50, 0),
                                                               (4, 51, 0),
                                                               (4, 52, 0),
                                                               (4, 53, 0),
                                                               (4, 54, 1),
                                                               (4, 55, 0),
                                                               (4, 56, 0),
                                                               (4, 57, 1),
                                                               (4, 58, 1),
                                                               (4, 59, 0),
                                                               (4, 60, 0),
                                                               (5, 211, 0),
                                                               (5, 212, 1),
                                                               (5, 213, 0),
                                                               (5, 214, 1),
                                                               (5, 215, 1),
                                                               (5, 216, 0),
                                                               (5, 217, 0),
                                                               (5, 218, 0),
                                                               (5, 219, 0),
                                                               (5, 220, 1),
                                                               (5, 221, 1),
                                                               (5, 222, 1),
                                                               (5, 223, 0),
                                                               (5, 224, 0),
                                                               (5, 225, 1),
                                                               (5, 226, 0),
                                                               (5, 227, 0),
                                                               (5, 228, 1),
                                                               (5, 229, 0),
                                                               (5, 230, 0),
                                                               (6, 1, 0),
                                                               (6, 2, 0),
                                                               (6, 3, 0),
                                                               (6, 4, 0),
                                                               (6, 5, 0),
                                                               (6, 6, 1),
                                                               (6, 7, 1),
                                                               (6, 8, 0),
                                                               (6, 9, 0),
                                                               (6, 10, 1),
                                                               (6, 11, 1),
                                                               (6, 12, 0),
                                                               (6, 13, 0),
                                                               (6, 14, 0),
                                                               (6, 15, 0),
                                                               (6, 16, 0),
                                                               (6, 17, 1),
                                                               (6, 18, 0),
                                                               (6, 19, 1),
                                                               (6, 20, 1),
                                                               (6, 21, 1),
                                                               (6, 22, 0),
                                                               (6, 23, 0),
                                                               (6, 24, 1),
                                                               (6, 25, 0),
                                                               (6, 26, 0),
                                                               (6, 27, 0),
                                                               (6, 28, 1),
                                                               (6, 29, 1),
                                                               (6, 30, 0),
                                                               (7, 31, 1),
                                                               (7, 32, 1),
                                                               (7, 33, 1),
                                                               (7, 34, 0),
                                                               (7, 35, 0),
                                                               (7, 36, 1),
                                                               (7, 37, 1),
                                                               (7, 38, 0),
                                                               (7, 39, 0),
                                                               (7, 40, 1),
                                                               (7, 41, 1),
                                                               (7, 42, 0),
                                                               (7, 43, 0),
                                                               (7, 44, 1),
                                                               (7, 45, 0),
                                                               (7, 46, 0),
                                                               (7, 47, 0),
                                                               (7, 48, 0),
                                                               (7, 49, 0),
                                                               (7, 50, 1),
                                                               (7, 51, 0),
                                                               (7, 52, 1),
                                                               (7, 53, 1),
                                                               (7, 54, 1),
                                                               (7, 55, 1),
                                                               (7, 56, 1),
                                                               (7, 57, 1),
                                                               (7, 58, 0),
                                                               (7, 59, 1),
                                                               (7, 60, 0),
                                                               (8, 211, 0),
                                                               (8, 212, 1),
                                                               (8, 213, 1),
                                                               (8, 214, 0),
                                                               (8, 215, 1),
                                                               (8, 216, 1),
                                                               (8, 217, 1),
                                                               (8, 218, 1),
                                                               (8, 219, 0),
                                                               (8, 220, 1),
                                                               (8, 221, 1),
                                                               (8, 222, 1),
                                                               (8, 223, 0),
                                                               (8, 224, 1),
                                                               (8, 225, 1),
                                                               (8, 226, 1),
                                                               (8, 227, 0),
                                                               (8, 228, 1),
                                                               (8, 229, 0),
                                                               (8, 230, 1),
                                                               (9, 1, 0),
                                                               (9, 2, 1),
                                                               (9, 3, 0),
                                                               (9, 4, 0),
                                                               (9, 5, 1),
                                                               (9, 6, 1),
                                                               (9, 7, 1),
                                                               (9, 8, 0),
                                                               (9, 9, 0),
                                                               (9, 10, 0),
                                                               (9, 11, 0),
                                                               (9, 12, 0),
                                                               (9, 13, 0),
                                                               (9, 14, 1),
                                                               (9, 15, 1),
                                                               (9, 16, 1),
                                                               (9, 17, 1),
                                                               (9, 18, 1),
                                                               (9, 19, 0),
                                                               (9, 20, 0),
                                                               (9, 21, 0),
                                                               (9, 22, 0),
                                                               (9, 23, 0),
                                                               (9, 24, 1),
                                                               (9, 25, 0),
                                                               (9, 26, 1),
                                                               (9, 27, 0),
                                                               (9, 28, 0),
                                                               (9, 29, 0),
                                                               (9, 30, 0),
                                                               (10, 31, 1),
                                                               (10, 32, 0),
                                                               (10, 33, 1),
                                                               (10, 34, 1),
                                                               (10, 35, 0),
                                                               (10, 36, 1),
                                                               (10, 37, 0),
                                                               (10, 38, 1),
                                                               (10, 39, 0),
                                                               (10, 40, 1),
                                                               (10, 41, 0),
                                                               (10, 42, 0),
                                                               (10, 43, 1),
                                                               (10, 44, 1),
                                                               (10, 45, 0),
                                                               (10, 46, 1),
                                                               (10, 47, 1),
                                                               (10, 48, 1),
                                                               (10, 49, 0),
                                                               (10, 50, 1),
                                                               (10, 51, 0),
                                                               (10, 52, 1),
                                                               (10, 53, 1),
                                                               (10, 54, 1),
                                                               (10, 55, 0),
                                                               (10, 56, 0),
                                                               (10, 57, 1),
                                                               (10, 58, 1),
                                                               (10, 59, 0),
                                                               (10, 60, 1),
                                                               (11, 211, 1),
                                                               (11, 212, 1),
                                                               (11, 213, 0),
                                                               (11, 214, 0),
                                                               (11, 215, 0),
                                                               (11, 216, 1),
                                                               (11, 217, 0),
                                                               (11, 218, 1),
                                                               (11, 219, 1),
                                                               (11, 220, 0),
                                                               (11, 221, 1),
                                                               (11, 222, 1),
                                                               (11, 223, 1),
                                                               (11, 224, 1),
                                                               (11, 225, 1),
                                                               (11, 226, 1),
                                                               (11, 227, 1),
                                                               (11, 228, 1),
                                                               (11, 229, 0),
                                                               (11, 230, 0),
                                                               (12, 1, 0),
                                                               (12, 2, 0),
                                                               (12, 3, 1),
                                                               (12, 4, 0),
                                                               (12, 5, 1),
                                                               (12, 6, 0),
                                                               (12, 7, 0),
                                                               (12, 8, 1),
                                                               (12, 9, 1),
                                                               (12, 10, 1),
                                                               (12, 11, 1),
                                                               (12, 12, 1),
                                                               (12, 13, 1),
                                                               (12, 14, 1),
                                                               (12, 15, 0),
                                                               (12, 16, 1),
                                                               (12, 17, 1),
                                                               (12, 18, 0),
                                                               (12, 19, 0),
                                                               (12, 20, 1),
                                                               (12, 21, 0),
                                                               (12, 22, 0),
                                                               (12, 23, 1),
                                                               (12, 24, 1),
                                                               (12, 25, 1),
                                                               (12, 26, 1),
                                                               (12, 27, 0),
                                                               (12, 28, 0),
                                                               (12, 29, 0),
                                                               (12, 30, 0),
                                                               (13, 31, 0),
                                                               (13, 32, 1),
                                                               (13, 33, 1),
                                                               (13, 34, 0),
                                                               (13, 35, 1),
                                                               (13, 36, 1),
                                                               (13, 37, 1),
                                                               (13, 38, 0),
                                                               (13, 39, 0),
                                                               (13, 40, 1),
                                                               (13, 41, 1),
                                                               (13, 42, 0),
                                                               (13, 43, 1),
                                                               (13, 44, 0),
                                                               (13, 45, 1),
                                                               (13, 46, 0),
                                                               (13, 47, 0),
                                                               (13, 48, 0),
                                                               (13, 49, 1),
                                                               (13, 50, 0),
                                                               (13, 51, 1),
                                                               (13, 52, 0),
                                                               (13, 53, 1),
                                                               (13, 54, 1),
                                                               (13, 55, 1),
                                                               (13, 56, 1),
                                                               (13, 57, 1),
                                                               (13, 58, 0),
                                                               (13, 59, 1),
                                                               (13, 60, 0),
                                                               (14, 211, 0),
                                                               (14, 212, 0),
                                                               (14, 213, 1),
                                                               (14, 214, 1),
                                                               (14, 215, 1),
                                                               (14, 216, 0),
                                                               (14, 217, 1),
                                                               (14, 218, 0),
                                                               (14, 219, 0),
                                                               (14, 220, 1),
                                                               (14, 221, 1),
                                                               (14, 222, 0),
                                                               (14, 223, 0),
                                                               (14, 224, 1),
                                                               (14, 225, 0),
                                                               (14, 226, 1),
                                                               (14, 227, 1),
                                                               (14, 228, 1),
                                                               (14, 229, 0),
                                                               (14, 230, 1),
                                                               (15, 1, 1),
                                                               (15, 2, 0),
                                                               (15, 3, 1),
                                                               (15, 4, 1),
                                                               (15, 5, 1),
                                                               (15, 6, 0),
                                                               (15, 7, 1),
                                                               (15, 8, 1),
                                                               (15, 9, 1),
                                                               (15, 10, 1),
                                                               (15, 11, 1),
                                                               (15, 12, 0),
                                                               (15, 13, 1),
                                                               (15, 14, 0),
                                                               (15, 15, 0),
                                                               (15, 16, 0),
                                                               (15, 17, 0),
                                                               (15, 18, 0),
                                                               (15, 19, 1),
                                                               (15, 20, 0),
                                                               (15, 21, 0),
                                                               (15, 22, 1),
                                                               (15, 23, 1),
                                                               (15, 24, 0),
                                                               (15, 25, 1),
                                                               (15, 26, 0),
                                                               (15, 27, 0),
                                                               (15, 28, 0),
                                                               (15, 29, 0),
                                                               (15, 30, 1),
                                                               (16, 31, 0),
                                                               (16, 32, 1),
                                                               (16, 33, 1),
                                                               (16, 34, 1),
                                                               (16, 35, 0),
                                                               (16, 36, 0),
                                                               (16, 37, 1),
                                                               (16, 38, 1),
                                                               (16, 39, 1),
                                                               (16, 40, 0),
                                                               (16, 41, 0),
                                                               (16, 42, 0),
                                                               (16, 43, 0),
                                                               (16, 44, 0),
                                                               (16, 45, 0),
                                                               (16, 46, 1),
                                                               (16, 47, 1),
                                                               (16, 48, 1),
                                                               (16, 49, 1),
                                                               (16, 50, 0),
                                                               (16, 51, 1),
                                                               (16, 52, 0),
                                                               (16, 53, 1),
                                                               (16, 54, 0),
                                                               (16, 55, 0),
                                                               (16, 56, 1),
                                                               (16, 57, 0),
                                                               (16, 58, 0),
                                                               (16, 59, 1),
                                                               (16, 60, 1),
                                                               (17, 1, 1),
                                                               (17, 2, 0),
                                                               (17, 3, 1),
                                                               (17, 4, 0),
                                                               (17, 5, 1),
                                                               (17, 6, 0),
                                                               (17, 7, 1),
                                                               (17, 8, 1),
                                                               (17, 9, 1),
                                                               (17, 10, 0),
                                                               (17, 11, 0),
                                                               (17, 12, 0),
                                                               (17, 13, 1),
                                                               (17, 14, 1),
                                                               (17, 15, 1),
                                                               (17, 16, 1),
                                                               (17, 17, 1),
                                                               (17, 18, 0),
                                                               (17, 19, 0),
                                                               (17, 20, 1),
                                                               (17, 21, 1),
                                                               (17, 22, 1),
                                                               (17, 23, 1),
                                                               (17, 24, 0),
                                                               (17, 25, 0),
                                                               (17, 26, 0),
                                                               (17, 27, 1),
                                                               (17, 28, 1),
                                                               (17, 29, 0),
                                                               (17, 30, 0),
                                                               (18, 31, 1),
                                                               (18, 32, 1),
                                                               (18, 33, 0),
                                                               (18, 34, 1),
                                                               (18, 35, 0),
                                                               (18, 36, 0),
                                                               (18, 37, 1),
                                                               (18, 38, 1),
                                                               (18, 39, 0),
                                                               (18, 40, 0),
                                                               (18, 41, 0),
                                                               (18, 42, 1),
                                                               (18, 43, 1),
                                                               (18, 44, 1),
                                                               (18, 45, 0),
                                                               (18, 46, 0),
                                                               (18, 47, 0),
                                                               (18, 48, 1),
                                                               (18, 49, 0),
                                                               (18, 50, 1),
                                                               (18, 51, 0),
                                                               (18, 52, 0),
                                                               (18, 53, 0),
                                                               (18, 54, 1),
                                                               (18, 55, 0),
                                                               (18, 56, 1),
                                                               (18, 57, 0),
                                                               (18, 58, 1),
                                                               (18, 59, 0),
                                                               (18, 60, 0),
                                                               (19, 211, 0),
                                                               (19, 212, 1),
                                                               (19, 213, 1),
                                                               (19, 214, 0),
                                                               (19, 215, 0),
                                                               (19, 216, 0),
                                                               (19, 217, 0),
                                                               (19, 218, 0),
                                                               (19, 219, 0),
                                                               (19, 220, 1),
                                                               (19, 221, 0),
                                                               (19, 222, 0),
                                                               (19, 223, 0),
                                                               (19, 224, 0),
                                                               (19, 225, 0),
                                                               (19, 226, 0),
                                                               (19, 227, 0),
                                                               (19, 228, 1),
                                                               (19, 229, 0),
                                                               (19, 230, 0),
                                                               (20, 1, 0),
                                                               (20, 2, 1),
                                                               (20, 3, 1),
                                                               (20, 4, 0),
                                                               (20, 5, 0),
                                                               (20, 6, 1),
                                                               (20, 7, 0),
                                                               (20, 8, 0),
                                                               (20, 9, 0),
                                                               (20, 10, 0),
                                                               (20, 11, 0),
                                                               (20, 12, 0),
                                                               (20, 13, 1),
                                                               (20, 14, 0),
                                                               (20, 15, 0),
                                                               (20, 16, 1),
                                                               (20, 17, 0),
                                                               (20, 18, 0),
                                                               (20, 19, 1),
                                                               (20, 20, 0),
                                                               (20, 21, 0),
                                                               (20, 22, 0),
                                                               (20, 23, 0),
                                                               (20, 24, 1),
                                                               (20, 25, 1),
                                                               (20, 26, 1),
                                                               (20, 27, 1),
                                                               (20, 28, 1),
                                                               (20, 29, 1),
                                                               (20, 30, 1),
                                                               (21, 31, 1),
                                                               (21, 32, 0),
                                                               (21, 33, 1),
                                                               (21, 34, 1),
                                                               (21, 35, 0),
                                                               (21, 36, 0),
                                                               (21, 37, 0),
                                                               (21, 38, 1),
                                                               (21, 39, 1),
                                                               (21, 40, 0),
                                                               (21, 41, 0),
                                                               (21, 42, 0),
                                                               (21, 43, 1),
                                                               (21, 44, 1),
                                                               (21, 45, 1),
                                                               (21, 46, 0),
                                                               (21, 47, 1),
                                                               (21, 48, 1),
                                                               (21, 49, 1),
                                                               (21, 50, 0),
                                                               (21, 51, 1),
                                                               (21, 52, 0),
                                                               (21, 53, 1),
                                                               (21, 54, 1),
                                                               (21, 55, 1),
                                                               (21, 56, 0),
                                                               (21, 57, 1),
                                                               (21, 58, 0),
                                                               (21, 59, 0),
                                                               (21, 60, 0),
                                                               (22, 211, 0),
                                                               (22, 212, 0),
                                                               (22, 213, 1),
                                                               (22, 214, 0),
                                                               (22, 215, 1),
                                                               (22, 216, 1),
                                                               (22, 217, 0),
                                                               (22, 218, 1),
                                                               (22, 219, 0),
                                                               (22, 220, 0),
                                                               (22, 221, 0),
                                                               (22, 222, 0),
                                                               (22, 223, 0),
                                                               (22, 224, 0),
                                                               (22, 225, 1),
                                                               (22, 226, 1),
                                                               (22, 227, 0),
                                                               (22, 228, 0),
                                                               (22, 229, 1),
                                                               (22, 230, 1),
                                                               (23, 1, 1),
                                                               (23, 2, 0),
                                                               (23, 3, 1),
                                                               (23, 4, 0),
                                                               (23, 5, 1),
                                                               (23, 6, 1),
                                                               (23, 7, 0),
                                                               (23, 8, 1),
                                                               (23, 9, 1),
                                                               (23, 10, 1),
                                                               (23, 11, 0),
                                                               (23, 12, 1),
                                                               (23, 13, 0),
                                                               (23, 14, 0),
                                                               (23, 15, 0),
                                                               (23, 16, 0),
                                                               (23, 17, 1),
                                                               (23, 18, 1),
                                                               (23, 19, 1),
                                                               (23, 20, 0),
                                                               (23, 21, 1),
                                                               (23, 22, 0),
                                                               (23, 23, 1),
                                                               (23, 24, 0),
                                                               (23, 25, 0),
                                                               (23, 26, 0),
                                                               (23, 27, 0),
                                                               (23, 28, 0),
                                                               (23, 29, 1),
                                                               (23, 30, 1),
                                                               (24, 31, 1),
                                                               (24, 32, 1),
                                                               (24, 33, 1),
                                                               (24, 34, 1),
                                                               (24, 35, 1),
                                                               (24, 36, 0),
                                                               (24, 37, 1),
                                                               (24, 38, 0),
                                                               (24, 39, 1),
                                                               (24, 40, 0),
                                                               (24, 41, 1),
                                                               (24, 42, 0),
                                                               (24, 43, 0),
                                                               (24, 44, 1),
                                                               (24, 45, 1),
                                                               (24, 46, 1),
                                                               (24, 47, 1),
                                                               (24, 48, 1),
                                                               (24, 49, 0),
                                                               (24, 50, 1),
                                                               (24, 51, 1),
                                                               (24, 52, 1),
                                                               (24, 53, 0),
                                                               (24, 54, 0),
                                                               (24, 55, 1),
                                                               (24, 56, 1),
                                                               (24, 57, 0),
                                                               (24, 58, 0),
                                                               (24, 59, 0),
                                                               (24, 60, 1),
                                                               (25, 211, 1),
                                                               (25, 212, 1),
                                                               (25, 213, 1),
                                                               (25, 214, 0),
                                                               (25, 215, 1),
                                                               (25, 216, 0),
                                                               (25, 217, 1),
                                                               (25, 218, 1),
                                                               (25, 219, 1),
                                                               (25, 220, 1),
                                                               (25, 221, 1),
                                                               (25, 222, 0),
                                                               (25, 223, 1),
                                                               (25, 224, 0),
                                                               (25, 225, 0),
                                                               (25, 226, 1),
                                                               (25, 227, 0),
                                                               (25, 228, 1),
                                                               (25, 229, 1),
                                                               (25, 230, 1),
                                                               (26, 211, 1),
                                                               (26, 212, 0),
                                                               (26, 213, 0),
                                                               (26, 214, 1),
                                                               (26, 215, 1),
                                                               (26, 216, 1),
                                                               (26, 217, 1),
                                                               (26, 218, 0),
                                                               (26, 219, 1),
                                                               (26, 220, 0),
                                                               (26, 221, 0),
                                                               (26, 222, 0),
                                                               (26, 223, 1),
                                                               (26, 224, 0),
                                                               (26, 225, 0),
                                                               (26, 226, 1),
                                                               (26, 227, 0),
                                                               (26, 228, 0),
                                                               (26, 229, 0),
                                                               (26, 230, 0);
